Продукт,Старая цена,Новая цена,Процент скидки,Время акции
"Напиток кофейный JACOBS 4 в 1, Карамель, 12г",17.32,13.99,−19%,с 16 ноября до 22 ноября
"Напиток кофейный JACOBS 4 в 1, Карамель, 12г",17.32,13.99,−19%,с 16 ноября до 22 ноября
"ДРОЖЖИ Быстродействующие (Турция), 11г",18.99,14.99,−21%,с 16 ноября до 22 ноября
"Каша овсяная БЫСТРИНКА, Клубника/абрикос, со сливками, 41г",17.99,14.99,−17%,с 16 ноября до 22 ноября
"Каша овсяная БЫСТРИНКА, Клубника/абрикос, со сливками, 41г",17.99,14.99,−17%,с 16 ноября до 22 ноября
"ДРОЖЖИ Быстродействующие (Турция), 11г",18.99,14.99,−21%,с 16 ноября до 22 ноября
"Каша овсяная БЫСТРИНКА, Клубника/абрикос, со сливками, 41г",17.99,14.99,−17%,с 16 ноября до 22 ноября
"ДРОЖЖИ Быстродействующие (Турция), 11г",18.99,14.99,−21%,с 16 ноября до 22 ноября
"Воздушный рис ПРАЗДНИК СЛАСТЕНЫ, в сахарном сиропе, 30г",17.99,15.99,−11%,с 16 ноября до 22 ноября
"Воздушный рис ПРАЗДНИК СЛАСТЕНЫ, в сахарном сиропе, 30г",17.99,15.99,−11%,с 16 ноября до 22 ноября
"Воздушный рис ПРАЗДНИК СЛАСТЕНЫ, в сахарном сиропе, 30г",17.99,15.99,−11%,с 16 ноября до 22 ноября
"Вода питьевая АКВАНИКА артезианская негазированная, 250мл",19.69,16.99,−14%,с 17 ноября до 14 декабря
"Корм для кошек WHISKAS® Аппетитный микс креветки в соусе, 75г",26.99,19.99,−26%,с 16 ноября до 29 ноября
"Корм для кошек WHISKAS® желе говядина-кролик, 75г",26.99,19.99,−26%,с 16 ноября до 29 ноября
"Корм для кошек WHISKAS® желе говядина-кролик, 75г",26.99,19.99,−26%,с 16 ноября до 22 ноября
"Корм для кошек WHISKAS® Мясная коллекция курица, 75г",26.99,19.99,−26%,с 16 ноября до 22 ноября
"Корм для кошек WHISKAS® рагу треска-лосось, 75г",26.99,19.99,−26%,с 16 ноября до 22 ноября
"Корм для кошек WHISKAS® рагу индейка-кролик, 75г",26.99,19.99,−26%,с 16 ноября до 29 ноября
"Корм для кошек WHISKAS® желе курица, 75г",26.99,19.99,−26%,с 16 ноября до 22 ноября
"Корм для кошек WHISKAS® рагу треска-лосось, 75г",26.99,19.99,−26%,с 16 ноября до 29 ноября
"Корм для кошек WHISKAS® Аппетитный микс, курица/утка, 75г",26.99,19.99,−26%,с 16 ноября до 22 ноября
"Корм для кошек WHISKAS® паштет индейка-кролик, 75г",26.99,19.99,−26%,с 16 ноября до 29 ноября
"Корм для кошек WHISKAS® рагу говядина-ягненок, 75г",26.99,19.99,−26%,с 16 ноября до 29 ноября
"Корм для котят WHISKAS® рагу с курицей, 75г",26.99,19.99,−26%,с 16 ноября до 22 ноября
"Корм для кошек WHISKAS® паштет курица-индейка, 75г",26.99,19.99,−26%,с 16 ноября до 22 ноября
"Корм для кошек WHISKAS® паштет курица-индейка, 75г",26.99,19.99,−26%,с 16 ноября до 22 ноября
"Корм для кошек WHISKAS® желе лосось, 75г",26.99,19.99,−26%,с 16 ноября до 22 ноября
"Корм для кошек WHISKAS® рагу форель-лосось, 75г",26.99,19.99,−26%,с 16 ноября до 22 ноября
"Корм для кошек WHISKAS® рагу с телятиной, 75г",26.99,19.99,−26%,с 16 ноября до 22 ноября
"Корм для кошек WHISKAS® желе говядина-ягненок, 75г",26.99,19.99,−26%,с 16 ноября до 22 ноября
"Корм для кошек WHISKAS® желе лосось, 75г",26.99,19.99,−26%,с 16 ноября до 22 ноября
"Корм для кошек WHISKAS® Мясная коллекция курица, 75г",26.99,19.99,−26%,с 16 ноября до 22 ноября
"Корм для кошек WHISKAS® желе курица, 75г",26.99,19.99,−26%,с 16 ноября до 22 ноября
"Корм для кошек WHISKAS® Аппетитный микс, курица/утка, 75г",26.99,19.99,−26%,с 16 ноября до 29 ноября
"Корм для кошек WHISKAS® рагу форель-лосось, 75г",26.99,19.99,−26%,с 16 ноября до 22 ноября
"Корм для кошек WHISKAS® Аппетитный микс, курица/утка, 75г",26.99,19.99,−26%,с 16 ноября до 22 ноября
"Корм влажный для кошек WHISKAS® Мясная коллекция, кролик, 75г",26.99,19.99,−26%,с 16 ноября до 22 ноября
"Корм для кошек WHISKAS® рагу индейка-кролик, 75г",26.99,19.99,−26%,с 16 ноября до 22 ноября
"Корм для котят WHISKAS® рагу с курицей, 75г",26.99,19.99,−26%,с 16 ноября до 22 ноября
"Корм для кошек WHISKAS® паштет с уткой, 75г",26.99,19.99,−26%,с 16 ноября до 22 ноября
"Корм для кошек WHISKAS® паштет индейка-кролик, 75г",26.99,19.99,−26%,с 16 ноября до 22 ноября
"Корм для кошек WHISKAS® желе курица-индейка, 75г",26.99,19.99,−26%,с 16 ноября до 22 ноября
"Корм для кошек WHISKAS® рагу с курицей, 75г",26.99,19.99,−26%,с 16 ноября до 22 ноября
"Корм для кошек WHISKAS® паштет с уткой, 75г",26.99,19.99,−26%,с 16 ноября до 29 ноября
